date,all_sectors,banks_in_u.s.-affiliated_areas,closed-end_funds,credit_unions,exchange-traded_funds,federal_government_retirement_funds,foreign_banking_offices_in_the_u.s.,government-sponsored_enterprises,holding_companies,households_and_nonprofit_organizations,issuers_of_asset-backed_securities,life_insurance_companies,monetary_authority,money_market_funds,mutual_funds,nonfinancial_corporate_business,nonfinancial_noncorporate_business,other_financial_business,private_pension_funds,property-casualty_insurance_companies,rest_of_the_world,security_brokers_and_dealers,state_and_local_government_employee_defined_benefit_retirement_funds,state_and_local_governments,u.s.-chartered_depository_institutions
1945-12-31,254.077,0.599,0.049,0.05,0.0,2.903,0.236,0.351,0.0,66.517,0.0,20.589,24.262,0.0,0.036,18.508,0.0,0.0,2.051,2.7,2.574,1.881,1.519,11.062,103.721
1946-03-31,,,,,,,,,,,,,,,,,,,,,,,,,
1946-06-30,,,,,,,,,,,,,,,,,,,,,,,,,
1946-09-30,,,,,,,,,,,,,,,,,,,,,,,,,
1946-12-31,231.201,0.534,0.05,0.05,0.0,3.273,0.192,0.356,0.0,65.127,0.0,21.635,23.35,0.0,0.031,12.779,0.0,0.0,2.1,3.294,2.1,0.917,1.671,10.358,88.563
1947-03-31,,,,,,,,,,,,,,,,,,,,,,,,,
1947-06-30,,,,,,,,,,,,,,,,,,,,,,,,,
1947-09-30,,,,,,,,,,,,,,,,,,,,,,,,,
1947-12-31,224.83,0.438,0.065,0.065,0.0,4.096,0.168,0.325,0.0,65.065,0.0,20.04,22.559,0.0,0.043,12.291,0.0,0.0,2.151,3.885,2.7,0.262,1.86,11.78,82.927
1948-03-31,,,,,,,,,,,,,,,,,,,,,,,,,
1948-06-30,,,,,,,,,,,,,,,,,,,,,,,,,
1948-09-30,,,,,,,,,,,,,,,,,,,,,,,,,
1948-12-31,219.097,0.365,0.07,0.075,0.0,4.919,0.191,0.453,0.0,65.817,0.0,16.812,23.333,0.0,0.065,12.853,0.0,0.0,2.2,4.413,2.8,0.82,2.073,12.554,75.561
1949-03-31,,,,,,,,,,,,,,,,,,,,,,,,,
1949-06-30,,,,,,,,,,,,,,,,,,,,,,,,,
1949-09-30,,,,,,,,,,,,,,,,,,,,,,,,,
1949-12-31,222.625,0.321,0.085,0.082,0.0,5.959,0.265,0.45,0.0,67.256,0.0,15.298,18.885,0.0,0.104,14.697,0.0,0.0,2.3,4.826,2.9,0.703,2.257,12.686,79.894
1950-03-31,,,,,,,,,,,,,,,,,,,,,,,,,
1950-06-30,,,,,,,,,,,,,,,,,,,,,,,,,
1950-09-30,,,,,,,,,,,,,,,,,,,,,,,,,
1950-12-31,222.852,0.294,0.1,0.09,0.0,6.743,0.327,0.373,0.0,66.5,0.0,13.486,20.725,0.0,0.129,17.87,0.0,0.0,2.345,5.253,4.3,0.586,2.498,13.704,74.381
1951-03-31,,,,,,,,,,,,,,,,,,,,,,,,,
1951-06-30,,,,,,,,,,,,,,,,,,,,,,,,,
1951-09-30,,,,,,,,,,,,,,,,,,,,,,,,,
1951-12-31,223.261,0.252,0.11,0.1,0.0,7.453,0.402,0.428,0.0,65.426,0.0,11.034,23.604,0.0,0.129,18.653,0.0,0.0,2.445,5.417,4.278,0.313,2.918,14.664,72.967
1952-03-31,221.993,0.252,0.113,0.102,0.0,7.552,0.433,0.565,0.0,66.245,0.0,10.818,22.228,0.0,0.137,17.862,0.0,0.0,2.487,5.445,4.186,0.191,3.07,15.36,72.627
1952-06-30,221.979,0.259,0.117,0.103,0.0,7.938,0.471,0.496,0.0,65.904,0.0,10.363,22.506,0.0,0.141,16.635,0.0,0.0,2.483,5.348,4.303,1.121,3.148,16.28,72.503
1952-09-30,225.252,0.267,0.121,0.104,0.0,8.363,0.425,0.483,0.0,67.045,0.0,10.455,23.215,0.0,0.144,17.018,0.0,0.0,2.468,5.693,4.668,0.18,3.313,16.436,73.072
1952-12-31,229.203,0.271,0.125,0.106,0.0,8.411,0.445,0.495,0.0,67.389,0.0,10.252,24.034,0.0,0.13,17.647,0.0,0.0,2.479,5.774,4.468,0.709,3.374,17.076,74.556
1953-03-31,226.183,0.271,0.129,0.107,0.0,8.471,0.415,0.695,0.0,66.956,0.0,10.12,23.269,0.0,0.14,18.164,0.0,0.0,2.513,5.877,4.609,0.208,3.465,17.652,71.948
1953-06-30,226.643,0.269,0.132,0.108,0.0,8.804,0.423,0.574,0.0,69.312,0.0,10.09,24.146,0.0,0.134,16.454,0.0,0.0,2.567,5.884,4.823,0.145,3.655,17.976,70.135
1953-09-30,233.183,0.266,0.136,0.109,0.0,8.902,0.416,0.592,0.0,69.128,0.0,9.987,24.635,0.0,0.141,18.232,0.0,0.0,2.62,5.957,5.056,0.426,3.83,18.228,73.636
1953-12-31,235.126,0.263,0.14,0.112,0.0,8.941,0.435,0.589,0.0,68.038,0.0,9.829,25.317,0.0,0.129,19.24,0.0,0.0,2.636,6.025,5.035,0.64,3.86,18.684,74.555
1954-03-31,230.582,0.265,0.144,0.114,0.0,8.961,0.423,0.901,0.0,68.196,0.0,9.72,24.232,0.0,0.148,17.887,0.0,0.0,2.652,5.986,5.306,0.443,4.043,18.804,71.759
1954-06-30,230.733,0.27,0.147,0.116,0.0,9.273,0.44,0.872,0.0,67.555,0.0,9.399,24.737,0.0,0.137,14.874,0.0,0.0,2.644,5.993,5.192,0.869,4.234,18.932,74.515
1954-09-30,234.029,0.275,0.151,0.118,0.0,9.281,0.449,0.896,0.0,66.201,0.0,9.138,23.946,0.0,0.143,16.366,0.0,0.0,2.647,6.057,5.537,0.674,4.31,19.276,78.202
1954-12-31,237.857,0.277,0.155,0.12,0.0,9.359,0.49,0.849,0.0,66.087,0.0,9.07,24.888,0.0,0.154,17.523,0.0,0.0,2.675,6.137,5.466,0.666,4.383,19.578,79.769
1955-03-31,233.485,0.275,0.16,0.123,0.0,9.347,0.456,0.982,0.0,67.64,0.0,9.136,23.505,0.0,0.152,17.543,0.0,0.0,2.735,6.022,5.472,0.322,4.438,19.956,75.199
1955-06-30,232.883,0.269,0.165,0.127,0.0,9.702,0.475,0.869,0.0,68.24,0.0,9.086,23.407,0.0,0.179,16.788,0.0,0.0,2.839,5.964,5.558,0.228,4.478,20.496,74.261
1955-09-30,235.344,0.263,0.17,0.131,0.0,9.975,0.461,0.637,0.0,69.181,0.0,9.164,23.402,0.0,0.233,18.619,0.0,0.0,2.936,6.045,5.746,0.218,4.566,21.1,73.047
1955-12-31,238.466,0.259,0.175,0.135,0.0,10.048,0.465,0.936,0.0,68.843,0.0,8.576,24.391,0.0,0.255,21.281,0.0,0.0,2.972,6.0,5.803,0.264,4.666,21.872,72.461
1956-03-31,234.182,0.26,0.18,0.139,0.0,10.061,0.453,1.256,0.0,70.474,0.0,8.077,23.303,0.0,0.238,18.878,0.0,0.0,2.949,5.834,6.189,0.111,4.879,22.396,69.703
1956-06-30,229.199,0.265,0.185,0.143,0.0,10.377,0.481,1.267,0.0,70.183,0.0,7.954,23.457,0.0,0.221,15.667,0.0,0.0,2.895,5.683,6.244,0.122,4.903,23.062,67.621
1956-09-30,230.632,0.27,0.19,0.147,0.0,10.918,0.508,1.257,0.0,70.632,0.0,7.834,23.293,0.0,0.265,15.575,0.0,0.0,2.817,5.655,6.5,0.114,4.929,23.558,67.949
1956-12-31,233.683,0.274,0.195,0.15,0.0,10.911,0.518,1.226,0.0,70.225,0.0,7.555,24.61,0.0,0.276,16.718,0.0,0.0,2.751,5.657,6.089,0.243,4.944,23.976,69.353
1957-03-31,232.013,0.277,0.201,0.154,0.0,10.924,0.484,1.342,0.0,70.878,0.0,7.478,22.666,0.0,0.28,16.166,0.0,0.0,2.677,5.53,6.028,0.113,5.061,24.034,69.737
1957-06-30,226.421,0.279,0.207,0.158,0.0,11.224,0.501,1.269,0.0,70.743,0.0,7.348,22.635,0.0,0.292,14.227,0.0,0.0,2.604,5.423,5.944,0.087,5.114,24.012,66.36
1957-09-30,230.591,0.281,0.213,0.162,0.0,11.27,0.489,1.137,0.0,71.65,0.0,7.289,22.752,0.0,0.291,14.773,0.0,0.0,2.535,5.437,5.608,0.223,5.147,23.734,69.467
1957-12-31,231.465,0.284,0.22,0.165,0.0,11.346,0.487,1.143,0.0,71.507,0.0,7.029,23.719,0.0,0.277,15.589,0.0,0.0,2.461,5.48,5.93,0.449,5.058,23.32,68.661
1958-03-31,229.917,0.289,0.227,0.169,0.0,11.511,0.473,1.742,0.0,70.949,0.0,7.087,23.125,0.0,0.314,14.394,0.0,0.0,2.411,5.248,5.288,0.332,5.104,22.652,69.928
1958-06-30,233.403,0.296,0.234,0.173,0.0,11.859,0.501,1.631,0.0,71.186,0.0,7.075,25.138,0.0,0.401,12.34,0.0,0.0,2.432,5.16,4.811,0.867,4.95,22.79,72.954
1958-09-30,234.11,0.302,0.242,0.177,0.0,12.17,0.482,1.497,0.0,68.645,0.0,7.295,24.66,0.0,0.356,13.175,0.0,0.0,2.431,5.265,5.649,0.199,4.96,22.942,75.134
1958-12-31,241.244,0.303,0.249,0.18,0.0,12.28,0.51,1.252,0.0,68.638,0.0,7.183,26.252,0.0,0.401,16.092,0.0,0.0,2.451,5.439,6.035,0.604,5.021,23.254,76.727
1959-03-31,241.163,0.233,0.269,0.183,0.0,12.413,0.513,1.457,0.0,69.977,0.0,7.212,25.424,0.0,0.432,17.28,0.0,0.0,2.476,5.36,6.542,0.408,5.102,23.696,74.034
1959-06-30,242.044,0.173,0.289,0.185,0.0,12.798,0.518,1.328,0.0,69.458,0.0,7.228,25.994,0.0,0.432,18.104,0.0,0.0,2.523,5.356,8.454,0.275,5.126,24.33,71.638
1959-09-30,246.32,0.087,0.31,0.187,0.0,13.121,0.523,1.317,0.0,70.444,0.0,7.183,26.513,0.0,0.517,20.311,0.0,0.0,2.587,5.476,9.635,0.401,5.35,24.75,69.983
1959-12-31,249.384,0.081,0.333,0.19,0.0,13.164,0.526,1.352,0.0,71.584,0.0,6.868,26.606,0.0,0.556,21.621,0.0,0.0,2.619,5.626,10.36,0.428,5.462,25.684,69.166
1960-03-31,245.603,0.083,0.359,0.192,0.0,13.251,0.523,1.556,0.0,75.466,0.0,6.828,25.166,0.0,0.605,19.986,0.0,0.0,2.537,5.532,10.387,0.158,5.663,26.4,64.111
1960-06-30,243.931,0.089,0.391,0.194,0.0,13.936,0.519,1.437,0.0,74.183,0.0,6.574,26.323,0.0,0.615,18.247,0.0,0.0,2.457,5.437,10.296,0.204,5.724,27.022,63.794
1960-09-30,245.897,0.096,0.421,0.196,0.0,14.038,0.515,1.45,0.0,73.602,0.0,6.577,26.48,0.0,0.608,16.446,0.0,0.0,2.408,5.439,10.429,0.58,5.653,27.55,67.184
1960-12-31,248.132,0.101,0.445,0.2,0.0,14.09,0.507,1.494,0.0,72.194,0.0,6.427,26.984,0.0,0.619,15.752,0.0,0.0,2.404,5.446,10.651,1.021,5.711,27.478,70.347
1961-03-31,245.901,0.104,0.447,0.204,0.0,14.141,0.555,1.757,0.0,72.095,0.0,6.543,26.388,0.0,0.539,15.225,0.0,0.0,2.407,5.239,10.635,0.543,5.855,27.162,69.643
1961-06-30,247.016,0.106,0.441,0.209,0.0,14.927,0.603,1.708,0.0,70.684,0.0,6.408,27.003,0.0,0.511,14.636,0.0,0.0,2.429,5.118,10.288,0.517,5.872,27.892,71.61
1961-09-30,252.416,0.107,0.432,0.214,0.0,14.996,0.68,1.635,0.0,72.3,0.0,6.428,26.881,0.0,0.549,13.288,0.0,0.0,2.431,5.206,10.874,0.763,5.865,27.58,75.977
1961-12-31,255.707,0.107,0.426,0.22,0.0,15.006,0.536,1.419,0.0,71.944,0.0,6.134,28.722,0.0,0.688,14.096,0.0,0.0,2.425,5.358,11.035,1.305,5.8,28.004,76.484
1962-03-31,256.084,0.109,0.418,0.225,0.0,15.054,0.682,1.952,0.0,73.081,0.0,6.307,28.579,0.0,0.652,14.217,0.0,0.0,2.421,5.275,11.023,1.142,6.025,27.952,74.946
1962-06-30,256.655,0.111,0.406,0.229,0.0,15.908,0.827,1.594,0.0,73.108,0.0,6.279,29.413,0.0,0.511,13.061,0.0,0.0,2.459,5.214,11.468,1.122,6.075,28.44,74.65
1962-09-30,257.712,0.114,0.398,0.234,0.0,15.923,0.693,1.622,0.0,74.836,0.0,6.331,28.802,0.0,0.789,11.645,0.0,0.0,2.524,5.276,12.118,1.146,6.125,29.162,74.555
1962-12-31,262.772,0.119,0.402,0.24,0.0,15.999,0.506,1.792,0.0,73.718,0.0,6.17,30.478,0.0,0.737,12.307,0.0,0.0,2.6,5.439,12.379,1.976,6.1,30.314,76.653
1963-03-31,263.272,0.127,0.42,0.249,0.0,16.048,0.521,2.232,0.0,70.567,0.0,6.022,30.337,0.0,0.718,16.367,0.0,0.0,2.628,5.329,12.498,1.048,6.2,32.214,75.854
1963-06-30,264.048,0.139,0.452,0.26,0.0,17.0,0.538,2.326,0.0,70.564,0.0,5.746,31.827,0.0,0.589,15.252,0.0,0.0,2.655,5.336,13.051,0.963,6.475,32.796,74.477
1963-09-30,264.385,0.15,0.486,0.271,0.0,17.073,0.422,1.832,0.0,71.976,0.0,5.841,32.007,0.0,0.728,14.602,0.0,0.0,2.64,5.457,13.169,1.394,6.55,33.932,72.821
1963-12-31,267.845,0.155,0.51,0.28,0.0,17.16,0.399,2.159,0.0,72.892,0.0,5.813,33.582,0.0,0.728,15.128,0.0,0.0,2.679,5.597,13.033,0.718,6.51,32.628,74.188
1964-03-31,268.229,0.155,0.527,0.286,0.0,17.268,0.398,1.952,0.0,74.239,0.0,5.788,33.183,0.0,0.823,16.148,0.0,0.0,2.872,5.472,12.394,0.569,6.725,33.008,72.926
1964-06-30,267.656,0.151,0.539,0.29,0.0,18.179,0.396,1.988,0.0,74.497,0.0,5.715,34.494,0.0,0.831,15.24,0.0,0.0,2.665,5.328,12.267,1.021,6.975,32.892,70.634
1964-09-30,270.714,0.146,0.548,0.293,0.0,18.348,0.485,1.773,0.0,74.484,0.0,5.84,34.95,0.0,0.911,14.402,0.0,0.0,2.661,5.498,12.816,1.535,7.066,33.586,72.165
1964-12-31,274.261,0.142,0.552,0.295,0.0,18.409,0.442,1.677,0.0,73.571,0.0,5.594,36.506,0.0,0.767,14.481,0.0,0.0,2.715,5.629,13.321,1.374,7.03,34.666,74.423
1965-03-31,274.096,0.141,0.553,0.297,0.0,18.48,0.433,1.925,0.0,76.555,0.0,5.639,37.091,0.0,0.824,14.092,0.0,0.0,2.909,5.572,12.538,0.955,7.417,35.194,71.078
1965-06-30,271.988,0.141,0.547,0.298,0.0,19.55,0.425,1.835,0.0,76.144,0.0,5.358,38.7,0.0,0.638,12.32,0.0,0.0,2.709,5.377,12.286,1.51,7.59,35.974,68.573
1965-09-30,270.884,0.141,0.54,0.299,0.0,19.728,0.482,1.734,0.0,75.984,0.0,5.298,39.269,0.0,0.912,11.829,0.0,0.0,2.457,5.42,12.507,0.595,7.351,37.52,67.578
1965-12-31,276.737,0.141,0.534,0.303,0.0,19.724,0.509,1.798,0.0,74.762,0.0,5.119,40.478,0.0,0.811,12.548,0.0,0.0,2.539,5.464,13.056,1.082,7.153,39.048,71.192
1966-03-31,276.864,0.145,0.528,0.308,0.0,19.747,0.458,1.755,0.0,78.944,0.0,5.171,40.196,0.0,1.055,12.958,0.0,0.0,2.479,5.252,12.189,0.909,7.312,39.67,67.623
1966-06-30,272.111,0.151,0.521,0.315,0.0,20.835,0.408,2.036,0.0,76.488,0.0,4.921,41.769,0.0,1.171,11.33,0.0,0.0,2.377,5.093,11.634,0.818,7.046,40.692,64.852
1966-09-30,274.208,0.158,0.514,0.322,0.0,20.935,0.483,1.923,0.0,79.238,0.0,4.852,41.537,0.0,1.449,10.774,0.0,0.0,2.351,5.08,11.249,0.893,7.166,40.496,65.036
1966-12-31,280.293,0.163,0.511,0.327,0.0,20.977,0.459,2.684,0.0,79.08,0.0,4.921,43.655,0.0,1.437,11.054,0.0,0.0,2.304,4.991,11.152,1.742,7.115,40.194,67.624
1967-03-31,281.315,0.172,0.511,0.329,0.0,20.925,0.435,3.658,0.0,77.816,0.0,4.855,44.029,0.0,1.217,10.445,0.0,0.0,2.148,4.623,11.507,2.14,6.8,40.23,69.59
1967-06-30,272.756,0.183,0.512,0.328,0.0,22.043,0.407,3.8,0.0,74.762,0.0,4.69,46.318,0.0,0.902,7.908,0.0,0.0,1.999,4.335,11.537,0.71,6.646,40.006,65.673
1967-09-30,281.351,0.194,0.517,0.328,0.0,22.074,0.491,2.974,0.0,77.24,0.0,4.717,46.402,0.0,0.694,7.287,0.05,0.0,1.967,4.325,12.022,0.985,6.308,40.066,72.743
1967-12-31,290.462,0.204,0.528,0.331,0.0,22.292,0.576,2.69,0.0,78.992,0.0,4.683,48.98,0.0,0.921,8.614,0.1,0.0,1.987,4.286,13.239,0.983,6.165,39.484,75.149
1968-03-31,295.845,0.21,0.548,0.334,0.0,22.334,0.59,2.85,0.0,83.471,0.0,4.678,49.495,0.0,1.167,9.95,0.15,0.0,2.207,4.17,12.334,0.968,6.219,38.64,74.85
1968-06-30,292.526,0.213,0.579,0.334,0.0,23.603,0.608,2.998,0.0,82.132,0.0,4.447,52.23,0.0,1.047,8.627,0.2,0.0,2.181,4.007,11.02,0.905,6.12,38.606,71.972
1968-09-30,299.259,0.216,0.609,0.339,0.0,23.594,0.63,2.585,0.0,83.482,0.0,4.528,52.405,0.0,1.405,7.879,0.25,0.0,2.12,3.995,11.596,2.543,6.023,39.028,75.546
1968-12-31,301.225,0.22,0.625,0.357,0.0,23.628,0.62,2.55,0.0,81.735,0.0,4.456,52.937,0.0,1.143,8.959,0.3,0.0,2.359,3.933,12.577,1.766,5.921,39.852,77.213
1969-03-31,301.194,0.226,0.63,0.39,0.0,23.755,0.622,2.275,0.0,89.044,0.0,4.339,52.01,0.0,1.571,9.399,0.35,0.0,2.46,3.781,11.182,0.733,5.85,40.864,72.145
1969-06-30,290.326,0.232,0.63,0.441,0.0,24.871,0.623,2.334,0.0,82.342,0.0,4.129,54.095,0.0,0.959,7.949,0.4,0.0,2.191,3.939,10.607,1.12,5.815,41.912,66.693
1969-09-30,296.824,0.239,0.621,0.492,0.0,25.176,0.631,1.725,0.0,90.872,0.0,4.088,53.932,0.0,1.01,5.786,0.45,0.0,2.159,3.479,12.558,0.866,5.696,43.502,65.293
1969-12-31,301.974,0.248,0.601,0.527,0.0,25.147,0.641,1.964,0.0,93.166,0.0,4.124,57.154,0.0,0.675,5.646,0.5,0.0,2.183,3.448,10.24,1.728,5.437,46.014,65.538
1970-03-31,304.398,0.255,0.646,0.546,0.0,25.185,0.35,3.256,0.0,98.271,0.0,4.08,55.578,0.0,0.476,5.255,0.55,0.0,2.081,3.35,12.016,2.155,5.335,47.926,61.05
1970-06-30,300.478,0.261,0.579,0.553,0.0,26.91,0.394,2.701,0.0,88.736,0.0,4.014,57.714,0.0,2.563,6.065,0.6,0.0,1.984,3.242,13.687,0.62,5.179,48.732,60.31
1970-09-30,308.087,0.268,0.518,0.555,0.0,27.046,0.488,2.212,0.0,85.911,0.0,4.147,59.975,0.0,0.822,6.966,0.65,0.0,2.152,3.388,16.425,2.007,5.274,47.736,65.415
1970-12-31,317.451,0.277,0.491,0.558,0.0,27.528,0.497,3.059,0.0,83.041,0.0,4.042,62.142,0.0,0.85,6.283,0.7,0.0,2.124,3.398,19.732,3.398,5.104,45.88,71.287
1971-03-31,320.237,0.307,0.5,0.562,0.0,27.726,0.458,4.197,0.0,79.938,0.0,4.004,63.86,0.0,0.892,5.735,0.75,0.0,2.259,3.328,24.709,1.924,4.88,44.02,72.198
1971-06-30,324.021,0.332,0.541,0.566,0.0,29.583,0.277,3.424,0.0,76.155,0.0,3.722,64.918,0.0,0.637,7.13,0.8,0.0,2.001,3.22,31.88,1.477,4.426,43.78,71.042
1971-09-30,333.6,0.401,0.59,0.567,0.0,29.814,0.277,2.145,0.0,78.357,0.0,3.751,66.662,0.0,0.457,6.211,0.86,0.0,2.044,3.18,41.811,1.884,4.371,43.696,68.37
1971-12-31,346.291,0.438,0.622,0.564,0.0,30.371,0.263,2.493,0.0,74.2,0.0,3.828,68.996,0.0,0.559,9.057,0.9,0.0,2.125,3.183,46.286,1.799,3.896,45.174,74.124
1972-03-31,350.191,0.399,0.641,0.554,0.0,30.289,0.466,4.16,0.0,76.873,0.0,3.99,68.971,0.0,0.558,7.207,0.95,0.0,2.54,3.055,49.089,1.397,3.633,46.558,72.14
1972-06-30,346.318,0.368,0.65,0.533,0.0,32.423,0.369,3.228,0.0,75.289,0.0,3.722,70.756,0.0,0.57,5.2,1.0,0.0,2.451,2.886,49.179,1.107,3.723,47.168,69.28
1972-09-30,351.066,0.508,0.659,0.517,0.0,32.693,0.478,1.957,0.0,76.5,0.0,3.875,68.677,0.0,0.712,4.828,1.05,0.0,2.623,2.757,54.493,1.77,3.643,48.3,69.176
1972-12-31,363.483,0.643,0.676,0.518,0.0,33.364,0.48,1.245,0.0,77.357,0.0,3.827,69.808,0.0,0.689,6.881,1.1,0.0,3.381,2.901,54.46,2.012,3.597,49.792,75.648
1973-03-31,371.244,0.558,0.702,0.641,0.0,33.182,0.352,0.935,0.0,80.898,0.0,3.824,73.784,0.0,0.481,5.947,1.133,0.0,3.725,2.734,62.15,1.365,3.687,50.848,69.722
1973-06-30,367.336,0.473,0.74,0.69,0.0,35.497,0.396,0.337,0.0,81.852,0.0,3.572,74.952,0.0,0.562,4.759,1.161,0.0,4.011,2.674,59.215,1.43,3.46,51.778,65.666
1973-09-30,365.479,0.521,0.774,0.74,0.0,35.193,0.429,0.448,0.0,87.064,0.0,3.466,75.224,0.0,0.682,1.923,1.176,0.0,4.711,2.738,57.446,1.889,3.028,52.304,61.875
1973-12-31,372.203,0.57,0.788,0.777,0.0,35.499,0.449,1.145,0.0,88.48,0.0,3.444,78.458,0.0,0.66,2.482,1.183,0.0,5.379,2.837,54.303,2.008,2.508,52.13,65.168
1974-03-31,374.816,0.445,0.784,0.798,0.0,35.113,0.442,1.124,0.0,95.978,0.0,3.596,77.929,0.002,0.859,0.968,1.199,0.0,6.109,2.765,53.536,0.971,1.84,52.204,64.256
1974-06-30,372.699,0.421,0.76,0.802,0.0,38.912,0.465,0.756,0.0,90.833,0.0,3.349,80.284,0.005,0.495,1.492,1.214,0.0,6.912,2.56,56.242,0.827,1.886,51.618,58.675
1974-09-30,376.391,0.4,0.732,0.811,0.0,38.126,0.416,0.819,0.0,95.248,0.0,3.327,80.353,0.02,0.826,1.981,1.226,0.0,8.235,2.525,55.537,1.723,1.515,52.516,56.313
1974-12-31,387.067,0.346,0.716,0.848,0.0,38.238,0.503,1.441,0.0,96.253,0.0,3.372,80.058,0.112,1.109,2.613,1.238,0.0,8.559,2.86,58.27,2.256,1.585,53.046,60.167
1975-03-31,406.793,0.375,0.71,0.912,0.0,37.947,0.439,4.248,0.0,93.872,0.0,3.585,82.034,0.244,0.785,6.488,1.228,0.0,9.623,3.17,64.32,2.713,1.559,53.982,65.55
1975-06-30,428.741,0.395,0.71,1.004,0.0,43.043,0.426,3.523,0.0,96.69,0.0,3.712,83.949,0.291,0.949,8.123,1.226,0.0,10.516,3.509,64.71,1.813,2.215,53.468,75.203
1975-09-30,451.163,0.408,0.713,1.1,0.0,41.962,0.436,3.024,0.0,105.611,0.0,3.821,86.474,0.596,1.493,9.192,1.243,0.0,11.896,3.995,63.987,1.254,2.548,54.366,84.227
1975-12-31,476.979,0.417,0.716,1.177,0.0,42.061,0.61,2.935,0.12,111.787,0.0,4.736,86.717,0.927,1.066,14.264,1.274,0.0,12.396,4.72,65.518,1.152,2.54,55.566,94.063
1976-03-31,500.032,0.375,0.724,1.232,0.0,41.323,0.705,4.093,0.128,110.786,0.0,5.072,87.293,1.201,1.435,19.259,1.249,0.0,13.613,5.46,67.953,2.719,3.058,62.22,100.744
1976-06-30,515.607,0.346,0.741,1.275,0.0,47.681,0.861,3.847,0.136,107.997,0.0,4.956,90.575,0.832,1.196,20.432,1.258,0.0,15.211,5.75,69.527,2.571,3.632,64.154,103.706
1976-09-30,532.091,0.41,0.752,1.31,0.0,46.312,0.783,4.205,0.144,108.305,0.0,5.419,94.445,0.974,1.368,18.534,1.352,0.0,16.371,6.585,73.813,5.143,3.9,68.072,106.43
1976-12-31,550.364,0.494,0.746,1.343,0.0,46.657,1.162,4.392,0.164,102.804,0.0,5.368,93.268,1.049,1.086,21.547,1.515,0.0,18.075,7.3,77.583,5.604,4.057,76.022,115.909
1977-03-31,567.053,0.55,0.718,1.378,0.0,45.466,0.977,3.202,0.184,107.21,0.0,5.542,95.672,1.042,1.368,22.381,1.686,0.0,17.873,8.486,83.869,1.624,4.712,80.428,119.487
1977-06-30,567.569,0.621,0.666,1.419,0.0,46.928,0.876,1.401,0.208,99.559,0.0,5.337,98.163,0.798,1.485,17.508,1.878,0.0,19.957,7.633,87.623,1.99,6.568,90.373,117.172
1977-09-30,593.675,0.66,0.616,1.443,0.0,53.102,1.054,0.83,0.24,103.718,0.0,5.719,102.405,0.755,1.74,17.055,2.123,0.0,20.08,8.77,95.798,0.148,6.757,100.215,114.782
1977-12-31,614.489,0.702,0.59,1.424,0.0,53.232,1.189,0.961,0.268,104.849,0.0,5.315,100.918,0.883,1.763,16.556,2.412,0.0,21.308,9.76,108.654,0.35,6.76,108.816,115.232
1978-03-31,634.049,0.7,0.588,1.254,0.0,51.966,1.132,0.842,0.24,108.498,0.0,5.075,99.89,1.12,1.833,14.993,2.732,0.0,21.477,9.754,122.439,-0.947,7.624,121.039,114.065
1978-06-30,638.132,0.7,0.608,1.023,0.0,53.425,1.283,1.32,0.216,103.882,0.0,4.924,107.859,1.065,1.818,13.97,3.001,0.0,22.185,9.222,117.423,-0.884,9.095,128.09,112.396
1978-09-30,659.71,0.665,0.632,0.895,0.0,59.653,1.294,1.097,0.192,109.593,0.0,5.113,113.027,0.96,1.748,12.692,3.143,0.0,21.089,9.895,119.448,-0.902,9.543,139.616,109.268
1978-12-31,673.91,0.629,0.643,0.727,0.0,60.259,1.45,1.442,0.165,109.094,0.0,4.822,109.478,0.886,1.584,15.07,3.184,0.0,23.179,10.45,132.901,-1.605,9.454,143.04,106.418
1979-03-31,682.891,0.6,0.644,0.772,0.0,58.551,1.29,0.862,0.2,116.054,0.0,5.357,109.26,1.687,1.722,14.519,3.192,0.0,23.727,10.896,126.633,-0.444,10.677,154.63,107.182
1979-06-30,680.363,0.563,0.639,0.863,0.0,60.046,1.526,1.827,0.24,119.609,0.0,5.204,106.432,1.988,1.502,17.689,3.159,0.0,24.928,10.741,113.716,1.998,13.327,154.199,105.035
1979-09-30,700.403,0.618,0.632,0.887,0.0,67.607,1.658,0.931,0.28,126.951,0.0,5.15,114.596,1.224,1.379,13.855,3.024,0.0,25.769,10.694,120.244,-1.551,13.287,155.637,103.082
1979-12-31,720.534,0.672,0.628,0.625,0.0,68.259,1.953,1.239,0.298,156.1,0.0,4.888,116.291,1.621,1.536,13.472,2.805,0.0,25.995,10.665,115.958,-7.023,14.706,146.31,104.386
1980-03-31,735.928,0.693,0.629,0.599,0.0,66.161,2.01,1.81,0.304,162.305,0.0,4.917,115.734,7.004,1.679,14.3,2.635,0.0,27.203,11.158,113.901,-0.246,16.159,140.148,104.944
1980-06-30,743.96,0.722,0.634,0.801,0.0,67.358,2.125,1.817,0.304,157.425,0.0,5.135,124.058,5.272,2.592,9.914,2.509,0.0,29.387,10.161,116.99,-0.137,17.582,141.324,106.834
1980-09-30,781.216,0.75,0.638,0.933,0.0,76.924,2.447,2.055,0.312,160.995,0.0,5.338,119.418,7.45,1.939,13.704,2.493,0.0,30.569,11.082,120.506,0.465,19.999,152.344,115.212
1980-12-31,806.463,0.77,0.634,0.939,0.0,77.183,2.53,1.682,0.312,173.142,0.0,5.838,119.299,3.474,1.853,13.697,2.564,0.0,32.215,12.248,127.449,-4.746,20.927,162.794,121.131
1981-03-31,837.894,0.786,0.621,0.973,0.0,74.439,2.343,0.003,0.296,164.932,0.0,7.206,117.666,14.518,2.651,12.593,2.728,0.0,33.352,13.203,136.077,8.332,22.432,171.812,125.092
1981-06-30,836.908,0.803,0.598,0.957,0.0,75.653,2.371,1.734,0.291,159.455,0.0,6.952,120.017,9.023,2.363,17.272,2.9,0.0,34.543,12.959,134.74,1.13,24.531,183.88,125.071
1981-09-30,866.182,0.811,0.576,0.865,0.0,86.895,2.431,1.828,0.296,169.801,0.0,7.192,124.33,11.419,2.443,19.985,3.091,0.0,34.755,13.614,129.677,1.962,25.215,190.648,122.067
1981-12-31,902.537,0.8,0.565,1.014,0.0,87.179,2.942,1.901,0.309,168.182,0.0,8.167,127.738,21.519,2.775,18.652,3.298,0.0,46.684,13.491,135.509,2.958,27.564,193.65,122.975
1982-03-31,932.689,0.819,0.567,1.127,0.0,84.313,3.108,1.871,0.232,172.555,0.0,11.071,123.992,25.56,3.512,16.03,3.08,0.0,56.035,13.665,135.479,6.685,29.545,210.21,126.758
1982-06-30,943.817,0.841,0.578,1.203,0.0,86.345,2.841,2.102,0.152,177.157,0.0,10.952,127.005,22.402,3.895,12.805,2.945,0.0,62.04,13.495,135.478,-0.722,32.417,227.62,124.386
1982-09-30,1013.77,0.869,0.592,1.086,0.0,98.516,2.798,6.133,0.184,195.251,0.0,12.705,130.591,38.221,4.594,15.15,3.014,0.0,67.904,14.125,141.723,-4.991,35.849,222.002,126.665
1982-12-31,1079.727,0.9,0.599,1.276,0.0,99.245,3.757,3.402,0.216,187.493,0.0,16.529,135.607,42.646,5.087,21.011,3.244,0.0,75.171,14.712,150.687,9.199,36.898,226.864,145.776
1983-03-31,1132.548,0.946,0.602,1.543,0.0,96.374,4.645,3.407,0.22,195.183,0.0,19.715,136.651,44.873,4.611,24.404,3.987,0.0,79.729,16.069,156.612,3.492,39.812,237.22,167.493
1983-06-30,1181.685,1.008,0.603,2.913,0.0,98.735,5.424,3.198,0.222,211.824,0.0,22.088,140.511,28.279,5.17,26.87,4.711,0.0,83.051,16.781,161.723,-0.871,43.672,247.396,185.52
1983-09-30,1241.12,1.067,0.6,3.213,0.0,111.5,5.034,3.864,0.288,229.989,0.0,24.513,146.171,22.074,4.395,24.105,5.386,0.0,89.104,18.173,162.12,4.483,46.278,250.588,195.919
1983-12-31,1276.54,1.1,0.592,2.684,0.0,113.787,5.39,1.824,0.359,229.992,0.0,28.636,150.558,22.839,4.059,30.144,6.023,0.0,93.332,19.424,163.562,-0.473,48.91,261.716,204.575
1984-03-31,1323.378,1.115,0.575,3.294,0.0,111.64,5.183,2.412,0.328,246.237,0.0,30.886,150.814,19.374,4.72,38.101,6.139,0.0,95.023,20.686,165.238,-2.602,54.561,268.97,216.144
1984-06-30,1357.757,1.108,0.545,3.813,0.0,115.547,5.068,3.048,0.31,272.409,0.0,31.752,152.859,14.889,5.267,37.282,6.155,0.0,92.123,22.002,171.303,-7.718,59.177,279.222,211.237
1984-09-30,1424.794,1.098,0.519,4.105,0.0,128.964,4.996,6.411,0.368,289.882,0.0,35.035,155.018,13.618,6.194,33.74,5.92,0.0,98.763,24.137,176.035,0.491,64.331,282.47,213.244
1984-12-31,1495.464,1.1,0.512,3.711,0.0,132.262,4.812,2.707,0.428,279.888,0.0,41.204,159.223,25.395,6.688,36.467,5.481,0.0,108.403,25.955,200.289,12.14,67.914,287.596,214.892
1985-03-31,1546.56,1.117,0.518,4.925,0.0,140.863,4.807,5.333,0.472,300.575,0.0,42.665,160.983,26.109,12.127,30.156,5.468,0.0,112.153,26.749,195.702,-1.6,73.822,304.756,227.388
1985-06-30,1597.039,1.138,0.531,5.642,0.0,144.839,3.992,6.72,0.522,284.777,0.0,45.019,169.11,24.733,17.226,42.73,5.488,0.0,119.439,27.024,209.64,-3.507,77.19,327.208,224.242
1985-09-30,1657.592,1.167,0.559,5.95,0.0,158.741,4.424,10.557,0.648,300.689,0.0,46.615,169.702,22.677,23.706,35.913,5.588,0.0,122.973,30.004,216.962,-3.436,79.91,331.118,227.294
1985-12-31,1769.061,1.209,0.612,6.153,0.0,172.13,4.773,6.786,0.777,291.512,0.0,51.7,177.798,24.57,39.719,41.102,5.754,0.0,128.551,32.338,226.392,-4.011,85.383,429.83,217.143
1986-03-31,1806.774,1.308,0.689,6.336,0.0,169.702,4.148,10.035,0.704,266.644,0.0,53.627,176.62,29.238,48.66,33.539,9.425,0.0,131.499,35.771,235.45,14.59,95.028,437.96,220.556
1986-06-30,1862.65,1.457,0.789,7.198,0.0,175.169,5.497,13.315,0.643,246.344,0.0,52.798,183.849,22.336,57.395,40.715,10.008,0.0,126.849,38.585,253.81,12.498,98.507,487.17,222.193
1986-09-30,1930.613,1.603,0.906,7.757,0.0,186.641,6.298,13.844,0.67,269.18,0.0,55.032,184.437,23.927,66.178,38.961,10.53,0.0,125.171,42.24,264.227,11.164,104.604,482.788,224.664
1986-12-31,2020.046,1.694,1.038,7.959,0.0,201.682,6.876,16.288,0.633,287.362,0.0,59.033,197.625,27.997,70.773,40.325,10.771,0.0,112.795,46.127,269.388,4.12,115.329,520.954,226.504
1987-03-31,2040.579,1.724,1.285,9.208,0.0,198.583,8.194,18.578,0.69,265.026,0.0,61.253,196.409,18.443,84.051,37.705,10.72,0.0,112.961,48.663,278.755,-6.126,122.815,571.074,226.86
1987-06-30,2077.009,1.692,1.061,10.014,0.0,204.634,7.169,15.114,0.73,284.246,0.0,57.641,210.248,20.175,85.954,32.734,10.365,0.0,107.248,50.679,287.408,-17.144,129.503,571.81,228.933
1987-09-30,2109.351,1.664,1.034,10.97,0.0,218.568,7.495,17.056,0.73,297.432,0.0,57.246,211.941,15.198,82.623,31.671,9.971,0.0,110.202,52.561,285.414,-26.607,135.414,576.608,235.949
1987-12-31,2177.968,1.705,1.604,11.186,0.0,233.036,6.493,20.99,0.748,314.223,0.0,57.078,218.906,14.278,79.334,31.79,9.799,0.0,112.999,54.693,296.301,-16.685,138.866,575.912,232.998
1988-03-31,2216.158,1.522,2.277,12.458,0.0,229.394,7.502,24.459,0.668,315.83,0.0,57.077,217.496,14.821,78.617,31.319,9.796,0.0,103.552,56.939,329.942,-15.703,143.57,591.178,227.593
1988-06-30,2239.549,1.646,3.547,13.487,0.0,236.775,7.39,20.108,0.658,344.41,0.0,58.298,222.45,13.096,80.019,26.88,9.897,0.0,104.488,59.163,341.268,-31.253,142.94,579.938,220.843
1988-09-30,2286.86,1.785,4.418,13.874,0.0,250.461,7.328,21.301,0.676,370.22,0.0,58.515,223.573,10.82,78.147,26.761,10.079,0.0,114.25,61.526,340.942,-31.306,148.74,564.11,218.895
1988-12-31,2342.126,1.898,4.8,14.44,0.0,267.46,6.61,26.261,0.759,393.146,0.0,58.564,233.662,11.541,75.604,27.933,10.318,0.0,112.722,64.187,353.839,-47.396,150.659,577.002,210.863
1989-03-31,2374.68,1.994,5.5,13.994,0.0,263.394,6.196,27.272,0.755,408.42,0.0,57.021,228.643,12.716,74.304,37.14,10.655,0.0,104.456,66.858,368.034,-35.659,151.057,557.408,216.016
1989-06-30,2395.843,2.083,5.989,13.327,0.0,271.943,5.79,7.264,0.747,427.922,0.0,55.028,231.767,11.063,74.163,39.716,11.129,0.0,109.626,69.746,360.797,-8.745,151.664,561.178,196.24
1989-09-30,2443.719,2.167,6.282,12.822,0.0,285.447,5.816,14.714,0.716,431.648,0.0,52.741,221.051,12.643,75.471,44.739,11.605,0.0,115.216,72.603,386.117,-4.995,153.198,561.034,183.911
1989-12-31,2532.207,2.248,6.629,12.115,0.0,304.142,6.432,12.99,0.857,405.759,0.0,52.917,226.775,14.76,76.364,51.432,11.946,0.0,122.396,75.176,423.742,21.506,152.396,574.904,182.538
1990-03-31,2575.522,2.323,6.651,11.243,0.0,299.465,8.933,18.507,0.924,424.184,0.0,59.182,217.899,31.274,78.153,44.125,12.183,0.0,111.101,77.401,415.674,-2.986,162.764,638.714,195.41
1990-06-30,2619.533,2.391,6.561,10.289,0.0,307.171,9.24,23.942,0.757,433.317,0.0,58.98,231.383,27.9,78.958,45.692,12.347,0.0,116.508,79.209,421.266,-11.205,168.301,645.718,191.527
1990-09-30,2695.381,2.457,6.556,9.337,0.0,321.491,10.468,40.079,0.735,478.322,0.0,59.934,234.373,33.917,77.82,36.616,12.452,0.0,119.7,81.12,434.145,-33.339,170.147,653.272,191.79
1990-12-31,2793.772,2.526,6.83,8.546,0.0,340.122,11.424,34.326,0.562,504.684,0.0,59.151,235.09,45.414,81.297,37.649,12.512,0.0,122.254,83.649,438.363,7.277,168.235,660.29,183.306
1991-03-31,2844.266,2.579,7.408,9.191,0.0,334.695,14.77,37.728,0.533,503.579,0.0,63.0,240.965,66.04,88.809,34.502,12.497,0.0,114.699,88.802,443.257,-6.815,177.144,671.858,195.264
1991-06-30,2897.381,2.596,8.307,9.575,0.0,344.797,12.523,38.214,0.919,513.454,0.0,65.104,247.484,55.498,92.517,34.726,12.373,0.0,114.156,96.038,453.173,-5.679,178.753,672.65,206.018
1991-09-30,3017.648,2.651,9.252,10.127,0.0,360.002,14.412,43.002,1.561,522.073,0.0,72.274,258.554,64.789,100.784,42.221,12.254,0.0,116.866,103.184,457.598,8.904,163.948,702.35,222.957
1991-12-31,3133.549,2.817,9.967,14.075,0.0,381.14,20.843,40.754,1.055,527.786,0.0,77.751,266.486,79.597,114.872,43.426,12.249,0.0,116.946,108.064,476.289,5.669,165.494,711.336,232.731
1992-03-31,3209.885,3.094,10.49,16.4,0.0,375.322,18.662,53.606,4.019,563.728,0.0,80.317,265.796,84.839,93.841,42.011,12.356,0.0,106.319,112.27,491.891,-15.437,171.904,762.244,258.44
1992-06-30,3284.668,3.482,10.855,18.431,0.0,385.792,23.598,51.144,3.981,571.981,0.0,82.362,276.883,79.679,98.97,57.611,12.56,0.0,105.472,114.895,513.373,-5.661,177.959,709.266,265.738
1992-09-30,3376.055,3.907,11.195,19.85,0.0,402.015,25.342,54.792,5.616,596.61,0.0,86.254,279.712,79.892,97.31,52.292,13.04,0.0,107.974,113.244,517.962,-0.427,197.677,701.05,282.488
1992-12-31,3464.587,4.295,11.642,19.938,0.0,423.751,29.591,58.702,6.264,625.522,0.0,88.778,295.011,79.62,103.193,60.589,12.976,0.0,108.371,113.628,520.339,-7.657,203.534,682.82,288.325
1993-03-31,3518.025,4.69,12.16,21.213,0.0,416.413,31.813,56.305,5.605,642.106,0.0,96.075,298.461,77.674,115.482,42.943,13.288,0.0,98.822,116.805,534.782,-4.995,204.95,716.486,299.375
1993-06-30,3585.977,5.137,12.678,22.529,0.0,426.77,31.673,59.358,5.993,644.312,0.0,101.624,313.143,76.388,119.104,47.83,13.386,0.0,97.622,121.038,540.158,-1.318,211.378,730.036,295.746
1993-09-30,3646.94,5.532,13.196,22.018,0.0,442.355,31.927,65.354,5.719,644.51,0.0,108.703,319.357,74.468,124.577,53.078,13.453,0.0,110.389,125.475,562.514,-19.674,221.833,692.724,301.069
1993-12-31,3753.193,5.773,13.714,22.55,0.0,463.725,36.113,51.593,5.5,690.85,0.0,109.98,332.015,80.43,137.595,48.839,13.6,0.0,104.033,129.266,594.551,-28.313,217.45,691.954,303.227
1994-03-31,3790.898,5.4,13.476,23.652,0.0,456.296,39.22,57.066,6.05,729.782,0.0,106.761,337.26,68.914,115.969,57.537,11.124,0.0,103.736,131.274,605.36,-44.83,224.335,692.886,323.323
1994-06-30,3803.772,5.2,13.238,24.209,0.0,466.465,39.562,55.481,4.953,757.252,0.0,109.342,347.644,59.522,111.973,53.152,15.507,0.0,112.112,133.312,604.184,-53.124,220.641,682.8,310.057
1994-09-30,3853.067,5.0,13.0,22.495,0.0,482.08,37.341,46.405,4.958,784.766,0.0,112.854,353.01,59.945,108.965,60.794,16.126,0.0,118.097,135.349,626.32,-45.723,217.37,661.758,294.341
1994-12-31,3908.272,5.145,12.762,22.063,0.0,504.618,32.656,51.942,4.702,845.958,0.0,107.084,364.519,67.603,109.734,50.82,18.33,0.0,120.741,137.375,632.571,-42.684,215.554,610.64,275.149
1995-03-31,3968.304,5.353,12.648,21.178,0.0,497.342,53.242,56.621,4.064,853.709,0.0,111.163,363.707,67.745,112.879,41.27,20.338,0.0,121.464,137.717,670.713,-29.236,224.973,581.532,269.193
1995-06-30,4008.671,5.854,12.788,20.21,0.0,508.243,59.959,56.338,5.762,853.381,0.0,111.774,372.641,58.671,108.707,47.962,21.244,0.0,121.526,138.222,724.385,-0.129,217.221,510.094,248.29
1995-09-30,4043.301,5.932,12.374,19.884,0.0,523.558,58.937,53.727,3.119,843.706,0.0,111.837,367.669,64.196,120.459,43.647,22.701,0.0,120.109,138.676,780.277,-8.106,211.282,499.274,242.995
1995-12-31,4107.5,5.389,12.311,18.308,0.0,519.921,62.276,57.996,3.494,835.244,0.0,108.102,378.197,71.287,133.489,57.098,23.626,0.0,120.195,139.066,816.947,18.274,208.194,479.676,226.018
1996-03-31,4187.49,5.052,11.818,19.305,0.0,533.862,67.778,54.195,2.872,828.23,0.0,105.818,377.056,87.222,130.537,57.356,25.057,0.0,121.265,139.488,888.669,5.215,213.528,475.526,227.164
1996-06-30,4173.559,5.26,11.693,19.06,0.0,546.321,72.038,34.513,2.842,822.273,0.0,100.672,383.914,82.167,125.202,63.106,27.092,0.0,121.061,133.899,910.263,-14.08,221.067,473.368,219.597
1996-09-30,4226.566,4.657,11.696,18.243,0.0,559.868,71.857,34.454,3.396,843.829,0.0,101.802,383.91,85.824,119.699,52.144,27.775,0.0,116.806,130.504,971.905,-3.985,213.439,436.088,212.864
1996-12-31,4307.512,4.13,11.861,17.416,0.0,586.278,80.714,18.76,4.106,888.016,0.0,92.748,390.907,92.046,114.145,47.095,28.55,0.0,114.885,126.166,1040.33,-12.836,212.791,416.874,190.332
1997-03-31,4321.322,4.74,11.2,18.234,0.0,576.63,93.987,19.057,3.649,885.174,0.0,93.26,395.076,84.179,114.055,54.405,30.114,0.0,115.83,94.3,1091.734,-22.758,211.138,395.574,197.146
1997-06-30,4280.042,4.84,11.045,18.31,0.0,586.96,85.764,13.465,2.961,841.918,0.0,94.402,410.914,76.327,117.53,40.178,30.723,0.0,115.729,94.749,1113.289,-28.009,214.907,382.648,188.756
1997-09-30,4323.029,5.336,11.016,16.144,0.0,602.474,90.508,21.687,2.744,830.838,0.0,97.858,411.822,76.443,122.307,36.848,31.574,0.0,116.364,95.735,1157.026,-42.821,223.531,362.294,178.518
1997-12-31,4386.66,4.217,10.851,16.042,0.0,628.396,95.073,25.879,4.042,806.072,0.0,86.874,430.736,87.775,128.943,26.846,32.235,0.0,116.875,96.414,1153.213,-5.344,218.997,358.208,181.38
1998-03-31,4401.161,4.565,10.58,15.361,0.0,617.415,99.679,11.96,2.285,812.98,0.0,84.29,433.182,84.742,133.268,21.85,34.17,0.0,113.845,92.355,1158.014,31.929,212.146,340.318,186.816
1998-06-30,4340.807,4.34,10.431,14.808,0.0,629.009,103.805,15.089,1.701,802.261,0.0,81.015,439.773,82.899,131.729,19.024,35.854,0.0,111.506,87.195,1159.523,-29.276,213.21,365.694,166.579
1998-09-30,4363.579,3.744,10.564,13.644,0.0,643.932,86.352,19.024,0.984,822.741,0.0,77.497,446.047,84.136,126.4,20.292,37.039,0.0,107.362,82.459,1121.618,38.103,207.823,383.444,139.881
1998-12-31,4398.171,3.555,10.14,13.146,0.0,672.034,84.795,25.158,0.928,774.034,0.0,73.815,452.141,110.121,121.349,23.615,37.974,0.0,103.244,76.766,1166.244,15.817,212.576,406.132,135.008
1999-03-31,4367.166,2.987,9.911,12.157,0.0,661.61,85.984,29.837,1.164,715.723,0.0,71.864,465.686,101.036,118.031,22.992,37.275,0.0,105.128,73.68,1153.717,48.12,211.463,419.776,145.188
1999-06-30,4249.469,3.005,9.664,12.536,0.0,672.764,83.161,27.339,1.174,661.836,0.0,68.686,484.866,85.686,115.941,21.103,36.826,0.0,112.405,70.529,1135.597,-12.25,213.79,435.46,140.786
1999-09-30,4237.528,2.641,9.54,10.821,0.0,688.027,92.495,28.188,0.896,633.176,0.0,65.217,489.037,89.08,108.441,21.191,36.878,0.0,119.55,67.873,1152.245,-21.843,204.79,441.668,134.406
1999-12-31,4218.763,2.808,8.145,9.683,0.0,715.72,94.503,30.943,8.861,699.712,0.006,61.865,477.963,106.366,100.884,19.42,37.179,0.0,120.121,66.509,1058.365,-42.626,198.824,455.332,132.981
2000-03-31,4186.673,2.498,8.187,9.427,0.0,704.496,89.739,25.151,0.935,635.509,0.01,61.473,501.708,101.397,98.517,21.881,37.675,7.526,117.782,65.276,1059.37,-6.509,196.9,463.166,135.207
2000-06-30,4008.563,2.366,8.145,8.901,0.0,715.522,84.355,20.659,1.086,527.305,0.084,60.819,504.95,80.32,100.243,23.978,37.921,7.526,116.398,63.116,1032.891,-24.138,194.886,471.082,125.514
2000-09-30,3979.077,2.226,8.221,8.631,0.0,730.247,91.203,29.023,1.114,469.431,0.098,60.369,511.413,79.918,107.279,23.141,38.917,7.526,114.613,61.578,1008.879,7.847,185.471,475.816,117.379
2000-12-31,4030.248,1.806,7.603,8.289,0.0,738.669,94.029,13.262,0.848,538.198,0.128,59.553,511.703,93.821,113.057,18.105,40.162,9.591,110.794,59.856,1021.426,-3.252,179.057,482.846,96.605
2001-03-31,4069.872,1.158,6.736,8.082,0.0,748.867,97.915,11.891,0.845,494.803,0.0,58.654,523.862,99.846,111.893,16.108,41.329,10.344,116.812,58.252,1019.783,61.131,177.342,495.228,80.16
2001-06-30,3905.505,1.037,6.704,6.665,0.0,761.902,102.192,12.281,0.942,392.294,0.0,57.616,535.11,96.833,110.969,16.063,42.246,10.841,111.017,58.227,988.301,1.549,183.128,511.172,77.342
2001-09-30,3978.228,1.415,6.956,6.507,0.0,776.955,108.594,12.581,0.856,405.528,0.0,56.65,534.136,118.65,100.326,16.864,42.412,10.045,110.361,58.797,995.064,48.095,166.813,511.18,71.853
2001-12-31,4072.071,1.167,7.672,7.577,0.0,806.238,103.83,13.613,1.214,367.922,0.054,59.372,551.675,142.343,105.593,16.852,42.829,12.765,103.378,61.234,1095.208,12.174,155.099,526.592,67.841
2002-03-31,4099.697,1.999,5.715,7.792,0.0,795.887,94.055,18.049,1.29,347.275,0.714,67.696,575.356,142.746,105.656,20.664,42.831,12.915,108.018,63.953,1109.955,-4.673,163.285,530.596,82.696
2002-06-30,4147.391,1.114,5.681,7.829,0.0,806.049,105.714,20.635,1.75,314.985,0.725,75.981,590.683,128.379,106.098,25.139,42.833,13.806,105.255,67.176,1148.159,-3.849,153.232,541.374,87.955
2002-09-30,4279.929,1.057,5.949,6.895,2.209,820.888,114.976,25.025,1.423,314.579,0.778,85.493,604.191,124.965,119.239,28.351,42.835,13.772,103.439,72.155,1211.343,-3.337,151.652,549.99,84.912
2002-12-31,4413.288,1.49,5.073,7.838,2.057,839.578,116.699,25.729,1.301,265.525,0.813,92.812,629.406,146.058,121.054,31.354,42.837,15.081,98.904,77.966,1285.498,2.574,144.525,573.718,95.557
2003-03-31,4451.116,1.621,5.125,7.882,1.614,770.466,44.507,25.256,1.168,355.612,1.087,92.81,641.464,153.646,129.128,34.525,43.351,15.067,106.624,79.434,1322.878,11.909,148.527,568.928,98.536
2003-06-30,4577.017,1.972,5.304,9.059,1.367,831.453,44.497,25.477,2.369,346.272,2.062,90.532,652.118,149.295,135.224,36.575,43.866,15.221,111.418,83.421,1415.263,-27.585,161.29,564.79,87.902
2003-09-30,4673.223,2.337,5.463,9.795,1.86,842.7,39.872,23.967,3.01,350.716,2.451,88.87,656.116,138.729,131.249,35.355,44.38,15.28,108.321,86.829,1484.336,-3.729,145.602,586.238,92.41
2003-12-31,4776.943,2.48,5.509,9.311,2.147,869.564,33.412,13.462,2.745,381.202,2.088,82.108,666.665,134.678,132.725,33.69,44.895,14.556,113.112,90.827,1513.524,0.449,141.252,612.512,105.691
2004-03-31,4912.453,2.796,6.864,9.364,3.108,856.374,36.54,13.049,2.163,371.385,3.31,84.037,674.084,128.58,116.206,34.925,46.22,14.534,110.091,94.991,1658.086,-7.884,143.71,639.002,112.564
2004-06-30,4922.247,3.7,7.198,10.294,3.74,866.383,33.488,13.724,2.425,313.394,4.263,84.088,687.391,105.12,142.725,34.008,47.545,13.752,111.054,97.249,1785.766,-89.329,134.943,637.062,110.06
2004-09-30,5035.687,3.217,7.547,8.971,4.191,883.349,34.385,13.024,1.564,268.386,5.298,84.937,700.341,102.957,148.533,31.88,48.87,13.319,108.814,104.838,1834.957,-27.19,143.825,679.7,90.719
2004-12-31,5141.658,3.836,7.661,9.323,5.005,915.612,27.725,12.86,1.986,383.07,7.554,84.534,717.819,104.984,150.732,34.014,50.195,12.947,108.228,110.862,1813.553,-62.545,153.823,649.856,82.612
2005-03-31,5279.783,4.034,7.718,8.712,7.286,906.229,32.173,13.033,1.588,333.529,11.974,88.027,717.326,105.476,154.161,49.23,51.689,13.232,109.57,112.239,1908.08,-45.074,166.952,674.86,95.664
2005-06-30,5254.347,3.497,8.134,8.782,7.946,904.847,27.352,12.569,2.381,289.585,16.444,91.458,724.722,90.842,155.408,52.929,53.184,13.123,110.449,110.515,1918.848,-77.454,171.517,737.274,85.262
2005-09-30,5323.114,3.335,7.831,8.291,8.952,921.091,27.529,12.814,2.41,250.746,22.331,95.653,736.36,87.188,164.423,48.484,54.679,13.214,111.797,112.052,1962.575,-89.334,157.24,813.338,84.144
2005-12-31,5428.175,3.935,7.784,8.075,9.691,950.863,27.843,13.069,1.121,238.635,28.748,98.546,744.215,90.359,171.557,52.117,56.174,15.157,111.423,110.702,1984.391,-69.937,162.596,833.66,76.496
2006-03-31,5520.736,4.034,7.196,8.339,9.857,938.128,24.043,13.435,2.675,334.297,34.416,97.335,758.542,86.503,169.426,50.01,56.213,15.15,125.213,109.233,1994.177,-66.554,151.826,811.242,74.201
2006-06-30,5415.374,3.726,7.526,8.059,11.517,947.262,26.992,13.758,2.689,264.443,39.718,95.096,766.364,81.491,162.94,44.88,56.252,15.102,125.483,106.484,1980.211,-116.715,148.982,847.462,78.373
2006-09-30,5538.104,3.298,7.728,8.134,12.045,963.799,29.877,13.971,2.323,245.425,47.036,93.047,768.924,73.141,168.127,44.794,56.291,15.155,130.414,108.582,2056.542,-93.89,153.858,879.534,70.296
2006-12-31,5624.875,3.687,7.809,7.664,12.883,994.96,26.795,14.247,2.566,140.777,52.455,89.425,778.915,84.451,173.246,45.463,56.329,17.706,131.59,112.564,2126.178,-83.443,157.228,936.308,74.411
2007-03-31,5769.818,3.147,7.637,7.21,13.832,983.308,31.25,14.526,0.766,142.23,60.362,85.852,780.901,93.21,180.427,39.167,57.082,18.111,132.726,104.479,2221.996,-76.461,146.314,1006.314,77.624
2007-06-30,5600.96,3.161,6.995,7.473,15.794,973.786,23.261,14.837,0.848,53.182,69.872,82.187,790.522,91.642,179.473,33.119,57.834,18.159,131.281,92.294,2193.645,-131.117,162.417,1007.132,75.919
2007-09-30,5796.156,2.211,7.002,8.76,17.664,995.161,30.131,15.05,0.721,33.267,78.632,78.325,779.632,130.326,176.449,38.968,58.587,17.878,135.527,82.978,2248.372,-50.421,160.898,1047.434,78.066
2007-12-31,6007.437,1.834,6.355,10.63,20.789,1040.714,30.403,15.547,7.177,21.465,80.024,74.008,740.611,181.813,185.444,38.319,59.339,22.848,140.096,74.536,2376.442,-23.01,148.802,1053.15,80.056
2008-03-31,6287.318,1.405,6.295,9.841,22.318,1034.132,37.557,15.716,6.424,143.431,79.286,85.221,591.234,302.5,190.11,27.239,57.456,23.625,143.945,75.784,2556.533,-4.738,146.695,1044.074,70.102
2008-06-30,6130.113,1.207,5.887,10.649,23.387,1042.895,35.024,24.046,11.96,138.125,74.828,96.973,478.841,289.666,172.832,28.797,55.572,22.986,138.548,73.764,2587.5,-32.117,142.011,1029.446,54.409
2008-09-30,6717.652,1.192,5.479,10.339,27.033,1069.3,30.819,24.58,13.796,231.447,72.196,106.732,476.627,470.378,192.794,25.505,53.689,29.521,139.402,70.855,2833.879,-13.148,140.704,999.89,74.468
2008-12-31,7577.267,1.19,4.31,9.285,27.785,1128.854,35.508,25.092,3.127,411.199,69.366,117.348,475.921,590.959,200.79,30.455,51.806,52.334,148.919,71.1,3252.974,64.62,143.751,959.104,56.362
2009-03-31,7889.49,0.847,4.261,8.897,32.941,1110.883,41.281,29.184,0.565,544.369,65.841,129.501,492.323,532.664,231.114,41.105,50.39,44.446,149.354,76.609,3417.839,83.28,144.548,925.108,74.644
2009-06-30,8023.918,0.768,4.502,13.061,36.921,1115.567,33.226,38.46,7.08,422.511,61.151,131.376,656.466,500.464,251.445,41.89,48.975,43.219,147.669,80.633,3461.983,85.504,148.094,978.366,87.285
2009-09-30,8433.334,0.689,4.748,13.713,39.843,1133.526,55.258,41.827,4.196,590.196,57.192,132.725,769.16,435.474,282.798,40.835,47.56,41.505,154.098,85.931,3585.857,38.616,147.53,993.646,124.989
2009-12-31,8774.409,0.496,5.151,14.77,43.267,1199.796,57.468,44.73,5.846,771.858,53.463,133.878,776.588,414.572,286.678,42.964,46.145,30.264,155.555,92.611,3670.597,43.261,148.707,1008.402,124.473
2010-03-31,9220.001,0.904,5.767,16.319,47.878,1184.747,58.044,98.119,5.821,860.256,51.401,139.931,776.705,379.203,336.521,42.376,46.624,28.792,166.612,91.372,3861.702,58.615,155.67,1027.28,188.737
2010-06-30,9753.016,1.284,5.821,18.057,52.999,1192.956,54.654,108.089,5.039,1127.992,46.346,146.509,776.989,356.585,394.772,45.011,47.104,28.04,183.91,92.198,4069.735,50.268,155.945,1005.694,187.866
2010-09-30,10250.332,1.118,6.028,11.87,52.991,1213.562,67.534,107.868,17.264,1167.825,43.746,153.602,811.669,314.578,414.248,46.889,47.583,27.278,198.338,95.107,4409.18,50.423,151.059,1035.478,226.228
2010-12-31,10492.534,1.062,5.931,20.12,52.07,1277.084,60.943,91.551,19.7,1011.691,40.057,161.283,1021.493,380.546,417.386,48.024,48.062,25.145,202.198,96.734,4458.824,50.578,153.738,1068.676,217.511
2011-03-31,10681.218,1.063,6.012,21.659,54.049,1266.847,66.145,96.369,16.133,854.672,35.243,168.978,1340.446,369.324,399.064,41.312,48.273,24.43,209.176,98.999,4540.88,31.904,157.095,1052.256,216.057
2011-06-30,10785.151,1.587,6.079,21.853,57.891,1079.049,63.637,93.663,8.991,753.558,33.184,175.885,1619.538,363.175,400.045,48.75,48.484,25.348,221.475,98.391,4690.562,30.458,166.981,1020.136,183.289
2011-09-30,11623.776,0.935,5.998,22.504,60.915,1298.331,58.148,99.527,20.434,973.949,31.021,186.461,1664.66,402.652,400.788,40.857,48.695,28.784,242.59,98.025,4974.399,48.323,152.056,992.16,191.729
2011-12-31,11950.069,1.031,5.988,17.528,62.397,1372.016,60.481,113.279,26.848,914.031,29.879,199.578,1663.446,496.874,469.317,42.968,48.906,21.178,251.646,105.439,5004.354,130.705,142.217,1040.164,173.851
2012-03-31,12391.362,0.606,6.146,20.357,62.141,1354.424,71.572,117.165,31.423,825.049,27.618,200.47,1892.042,544.72,525.623,38.931,49.91,19.582,258.532,102.628,5145.06,129.563,181.555,1041.172,189.269
2012-06-30,12734.361,1.075,6.154,20.067,67.447,1365.718,60.925,89.445,7.296,937.322,26.288,198.944,1964.773,489.64,537.758,38.547,50.914,18.252,276.545,99.84,5310.871,152.726,191.115,1052.616,215.381
2012-09-30,12975.681,0.709,6.331,20.931,63.391,1388.862,77.911,85.032,10.776,874.115,24.307,200.434,1967.526,513.72,609.054,39.439,51.918,19.24,288.307,97.342,5472.716,127.128,182.197,1087.918,231.081
2012-12-31,13322.306,0.206,6.231,19.312,63.99,1424.251,76.601,82.016,7.953,1058.485,23.491,203.226,1974.315,510.255,559.231,39.437,52.922,17.732,297.816,94.817,5571.482,184.532,185.479,1082.044,246.209
2013-03-31,13606.234,0.172,6.702,19.218,63.23,1433.323,79.539,83.397,9.094,1047.623,21.561,194.176,2098.312,531.816,581.226,32.639,53.481,21.059,295.615,95.353,5721.311,147.442,196.704,1122.97,232.851
2013-06-30,13325.228,0.062,6.621,20.1,62.602,1335.688,68.763,84.463,18.072,1087.672,21.656,186.906,2143.888,498.739,536.196,37.33,54.041,25.423,287.12,94.414,5595.017,134.148,192.468,1123.25,194.774
2013-09-30,13332.835,0.261,6.516,19.555,62.719,1223.884,70.812,91.779,16.541,1061.206,20.9,180.438,2262.042,526.649,495.211,37.376,54.6,27.34,285.496,96.145,5652.82,150.17,187.458,1107.334,187.21
2013-12-31,13620.329,0.785,6.404,19.112,55.628,1535.788,68.553,68.434,15.908,833.683,22.297,173.697,2341.336,547.316,472.816,38.822,55.159,33.577,281.413,100.831,5792.616,123.718,181.275,1147.908,216.907
2014-03-31,13954.912,0.931,6.532,20.401,57.395,1526.353,67.722,74.835,15.65,737.995,22.379,180.333,2494.381,525.35,579.551,38.909,55.668,33.881,287.664,99.766,5948.311,100.047,184.304,1156.928,263.82
2014-06-30,13992.566,0.449,6.671,21.296,61.482,1531.377,66.959,74.363,20.667,599.625,22.579,187.58,2614.159,427.503,592.685,40.664,56.178,32.312,293.805,103.453,6018.693,89.257,198.331,1155.142,298.977
2014-09-30,14213.686,0.886,6.537,26.236,61.928,1556.008,61.707,75.065,21.681,561.08,25.471,194.824,2662.378,446.312,660.802,41.38,56.688,44.607,296.56,106.597,6069.151,64.616,198.738,1124.128,359.535
2014-12-31,14706.002,0.988,6.391,21.589,67.375,1623.382,57.799,74.538,13.125,659.502,27.628,202.147,2736.293,484.687,682.894,41.679,57.197,55.157,304.867,108.314,6157.966,54.2,199.249,1176.454,422.563
2015-03-31,14808.27,1.126,6.369,22.917,70.659,1515.173,56.965,80.222,9.612,744.061,28.234,202.016,2773.131,508.75,709.433,34.613,58.363,60.382,304.967,106.52,6172.631,69.101,176.744,1221.016,426.808
2015-06-30,14541.738,1.484,6.215,23.269,70.601,1387.335,58.466,79.327,8.409,785.211,29.197,202.068,2682.775,444.548,725.56,32.123,59.529,58.125,294.125,105.629,6163.141,59.714,185.671,1205.846,426.408
2015-09-30,14655.872,1.847,6.103,22.87,85.001,1294.97,55.855,86.443,12.27,952.549,28.9,205.097,2720.453,435.774,789.089,31.503,60.694,64.145,294.529,104.944,6105.885,72.445,170.999,1177.782,425.556
2015-12-31,15268.255,2.036,5.834,29.22,80.095,1714.795,70.949,96.384,9.425,964.579,28.866,205.993,2675.909,530.292,826.586,37.425,61.86,50.188,286.719,104.148,6146.221,77.314,174.546,1232.54,435.026
2016-03-31,15703.981,2.102,5.839,28.496,92.075,1706.24,80.296,98.091,9.195,1001.605,27.86,211.525,2757.311,606.063,844.046,45.979,62.137,53.556,300.117,107.587,6284.434,102.212,170.358,1246.894,442.01
2016-06-30,15856.899,2.451,4.205,23.383,91.879,1710.138,90.299,97.967,8.232,1013.417,25.566,222.85,2806.334,555.988,913.024,35.391,62.415,54.797,310.075,110.845,6279.053,110.477,184.977,1273.402,455.543
2016-09-30,16043.698,2.276,4.229,23.25,92.197,1732.721,99.043,111.354,6.944,1025.59,21.784,227.363,2780.236,709.17,943.016,39.201,62.692,49.176,312.739,117.808,6155.875,117.027,203.821,1312.517,495.322
2016-12-31,15977.964,3.052,3.62,28.61,92.727,1814.435,94.049,109.842,9.033,1043.367,20.462,219.339,2640.706,850.977,904.1,41.185,62.97,49.771,304.124,114.9,6002.797,103.427,218.76,1324.879,528.382
2017-03-31,15870.234,3.813,3.661,28.221,102.107,1666.623,88.429,105.835,11.727,1018.597,15.903,222.687,2643.568,786.773,924.723,38.683,64.482,26.062,316.008,119.869,6075.334,117.8,239.543,1342.969,525.187
2017-06-30,15843.239,4.159,3.677,28.159,107.718,1562.886,91.364,102.384,18.435,1050.259,12.065,225.829,2657.025,662.297,979.828,42.263,65.994,26.639,329.745,127.018,6151.906,142.329,262.833,1328.687,478.352
2017-09-30,16263.633,3.77,3.697,28.027,116.753,1818.346,84.293,96.869,13.819,976.315,11.474,228.022,2651.193,695.02,1040.876,42.195,67.507,26.455,340.841,136.316,6301.939,128.816,266.534,1327.661,480.546
2017-12-31,16417.602,4.953,3.735,29.256,119.331,1730.323,97.401,100.332,20.632,1074.161,12.29,228.283,2633.008,756.197,1090.83,71.295,69.019,35.347,350.889,149.607,6211.279,120.651,289.412,1377.475,484.41
2018-03-31,16890.633,6.121,3.65,29.61,128.474,1894.302,97.045,110.351,25.024,1277.587,13.631,226.721,2555.722,951.188,1093.359,67.136,69.311,33.448,351.012,140.209,6223.434,97.496,300.086,1346.913,479.962
2018-06-30,16898.327,6.577,3.634,30.05,145.017,1905.171,107.764,120.827,30.93,1363.122,14.669,225.583,2495.04,788.105,1111.114,60.598,69.604,38.271,355.964,134.635,6225.015,144.787,307.321,1374.435,487.754
2018-09-30,17119.628,9.471,3.608,30.202,150.19,1946.725,113.414,124.828,32.541,1576.674,18.638,225.885,2395.142,826.306,1127.29,52.529,69.896,42.017,358.044,135.415,6225.896,126.117,301.734,1389.581,496.399
2018-12-31,17669.724,10.243,3.471,31.07,175.824,2039.557,125.581,120.042,32.993,1613.555,20.423,203.685,2337.994,945.064,1146.356,54.404,70.188,39.199,371.912,156.818,6270.13,250.357,367.854,1360.243,569.784
2019-03-31,17886.815,11.299,3.593,33.835,189.992,1786.516,128.036,128.778,32.485,1727.394,24.301,203.769,2330.158,1010.338,1175.247,62.347,70.658,36.589,390.904,157.367,6473.999,235.078,357.618,1443.373,563.84
2019-06-30,18025.068,14.426,3.65,34.243,210.993,1713.518,129.624,144.31,37.746,1811.41,26.53,206.679,2315.006,829.281,1204.069,56.379,71.128,38.311,413.608,156.967,6625.86,255.805,381.967,1454.945,592.153
2019-09-30,18962.105,14.042,3.503,34.938,222.551,2047.455,132.339,159.283,53.56,1691.916,29.094,214.449,2366.457,1048.004,1268.218,56.134,71.597,38.259,434.03,152.37,6923.485,215.613,343.486,1479.845,674.495
2019-12-31,19392.873,16.604,3.171,37.545,227.228,2151.257,121.077,175.753,55.81,1748.397,33.034,215.309,2540.73,1122.598,1287.015,63.629,72.067,43.455,440.034,153.395,6844.206,214.06,329.266,1508.536,704.089
2020-03-31,20664.643,14.679,2.672,38.741,257.929,2157.775,116.448,194.456,53.359,1327.922,32.025,233.462,3757.408,1358.143,1140.897,91.501,74.241,50.109,505.574,163.303,6949.478,232.702,325.278,1639.886,724.397
2020-06-30,23489.915,17.602,2.848,42.165,264.678,2158.652,117.089,257.003,54.426,1211.48,30.568,235.472,4807.86,2564.674,1128.429,111.206,77.237,157.9,521.845,167.722,7046.558,268.351,284.653,1980.45,926.651
2020-09-30,23967.564,15.115,2.937,43.372,269.349,2204.507,108.981,279.059,53.941,1233.204,29.531,242.714,5055.969,2493.606,1228.755,94.06,78.213,150.918,539.879,171.573,7069.204,213.382,309.889,2012.769,1019.718
2020-12-31,24703.552,13.798,2.965,45.509,270.142,2297.463,99.845,259.236,61.639,1554.947,30.315,240.7,5254.556,2465.928,1315.924,72.903,78.071,142.997,550.096,157.487,7070.763,215.152,346.77,2108.016,1044.445
2021-03-31,24393.683,15.334,2.956,50.808,273.994,2289.701,86.238,224.867,84.232,1268.454,28.571,227.215,5273.242,2583.204,1365.456,62.156,75.376,97.788,527.543,164.659,7028.435,95.505,344.494,2102.564,1111.331
2021-06-30,24929.617,15.521,3.079,51.459,292.533,2304.309,83.821,210.861,86.512,762.487,27.427,234.436,5596.511,2288.119,1486.714,67.648,75.547,79.537,550.978,186.735,7497.222,113.029,393.166,2529.691,1195.743
2021-09-30,24819.655,18.351,3.085,55.019,304.961,2113.708,85.544,205.097,83.824,884.569,28.736,237.486,5831.294,1694.672,1538.721,64.922,74.705,67.27,562.787,186.295,7570.896,93.49,418.488,2669.289,1297.567
2021-12-31,25684.089,19.602,3.081,62.819,331.201,2456.817,86.907,202.365,92.61,543.131,31.856,231.423,6052.055,1814.671,1589.285,71.652,76.129,63.583,574.052,187.875,7739.438,98.99,430.903,2793.075,1472.255
2022-03-31,25510.251,19.589,2.893,73.776,334.135,2487.272,89.395,210.412,99.787,868.892,34.483,213.233,5851.446,1759.444,1499.687,69.629,72.325,61.01,560.72,161.628,7603.222,83.338,430.496,2786.116,1471.256
